PubmedID,Title,Publication Date,Non-academic Author(s),Company Affiliation(s),Corresponding Author Email
39782564,Drug Development.,2024,"Goyal, Varshney, Aggarwal","Institute of Pharmaceutical Research, GLA University, Mathura, Uttar Pradesh, India., Institute of Pharmaceutical Research, GLA University, Mathura, Uttar Pradesh, India., B.S.A. College of Engineering and Technology, Mathura, Uttar Pradesh, India.",N/A
39782541,Correction: Camptothecin-based prodrug nanomedicines for cancer therapy.,2025,"Zhang, Guo, Jiang, Wang","Cancer Institute of The Affiliated Hospital of Qingdao University, Qingdao University, Qingdao 266061, China. guozhugz@126.com., Cancer Institute of The Affiliated Hospital of Qingdao University, Qingdao University, Qingdao 266061, China. guozhugz@126.com., Cancer Institute of The Affiliated Hospital of Qingdao University, Qingdao University, Qingdao 266061, China. guozhugz@126.com., Cancer Institute of The Affiliated Hospital of Qingdao University, Qingdao University, Qingdao 266061, China. guozhugz@126.com.",guozhugz@126.com
39782516,Drug Development.,2024,N/A,N/A,N/A
39782515,Drug Development.,2024,N/A,N/A,N/A
39782501,Drug Development.,2024,N/A,N/A,N/A
39782456,Drug Development.,2024,"Nehete, Williams, Nehete","UT MD Anderson Cancer Center, Michale E. Keeling Center for Comparative Medicine and Research, Bastrop, TX, USA., UT MD Anderson Cancer Center, Michale E. Keeling Center for Comparative Medicine and Research, Bastrop, TX, USA., UT MD Anderson Cancer Center, Michale E. Keeling Center for Comparative Medicine and Research, Bastrop, TX, USA.",N/A
39782303,Outcomes of Immunotherapy Treatment in Sinonasal Mucosal Melanoma.,2025,N/A,N/A,N/A
39782258,Dementia Care Research and Psychosocial Factors.,2024,N/A,N/A,N/A
39782221,Dementia Care Research and Psychosocial Factors.,2024,"Oliva, Sedliak, Mego, Chovanec","Faculty of Physical Education and Sports, Comenius University, Bratislava, Slovakia., Faculty of Physical Education and Sports, Comenius University, Bratislava, Slovakia., National Cancer Institute, and Faculty of Medicine, Comenius University, Bratislava, Slovakia., National Cancer Institute, and Faculty of Medicine, Comenius University, Bratislava, Slovakia.",N/A
39781954,Dementia Care Practice.,2024,N/A,N/A,N/A
39781751,Intracellular Co-Delivery of Carbon Monoxide and Nitric Oxide Induces Mitochondrial Apoptosis for Cancer Therapy.,2025,"Shen, Jiang, Zheng, Luo, Guo, Wang, Wang","USTC: University of Science and Technology of China, Department of Pharmacy, CHINA., USTC: University of Science and Technology of China, Department of Pharmacy, CHINA., USTC: University of Science and Technology of China, Department of Pharmacy, CHINA., USTC: University of Science and Technology of China, Department of Pharmacy, CHINA., USTC: University of Science and Technology of China, Department of Pharmacy, CHINA., USTC: University of Science and Technology of China, Department of Pharmacy, CHINA., USTC: University of Science and Technology of China, Department of Pharmacy, CHINA.",N/A
39781750,Treatment of anterior rim fractures of the distal radius with an anterior rim plate: A retrospective study.,2025,"Chen, Chen, Wu, Tseng, Ma, Tu","Department of Orthopedics, E-Da Hospital, I-Shou University/College of Medicine, I-Shou University, Kaohsiung, Taiwan., Department of Orthopedics, E-Da Cancer Hospital, I-Shou University/College of Medicine, I-Shou University, Kaohsiung, Taiwan., Department of Orthopedics, E-Da Hospital, I-Shou University/School of Medicine, College of Medicine, I-Shou University, Kaohsiung, Taiwan., Department of Orthopedics, E-Da Dachang Hospital, I-Shou University/College of Medicine, I-Shou University, Kaohsiung, Taiwan., Department of Orthopedics, E-Da Hospital, I-Shou University/School of Medicine for International Student, College of Medicine, I-Shou University, Kaohsiung, Taiwan., Department of Orthopedics, E-Da Hospital, I-Shou University/School of Medicine, College of Medicine, I-Shou University, Kaohsiung, Taiwan.",N/A
39781747,Clinicopathological Characteristics and Long-Term Outcomes of Cystic vs. Solid Pancreatic Neuroendocrine Tumors: A Multi-Institutional Experience with 1727 Patients.,2025,N/A,N/A,N/A
39781736,Utilizing Plant Phytoconstituents in Metal Oxide Nanoparticle Synthesis for Cancer Therapies.,2025,"Dubey, Virmani, Yadav, Kumar, Sharma, Gugulothu","Department of Pharmacy, School of Pharmaceutical Sciences, MVN University, Palwal, Haryana, India., Department of Pharmacy, School of Pharmaceutical Sciences, MVN University, Palwal, Haryana, India., Department of Pharmacy, B.S. Anangpuria Institute of Pharmacy, Faridabad, India., Department of Pharmacy, School of Pharmaceutical Sciences, MVN University, Palwal, Haryana, India., Department of Pharmacology, Delhi Pharmaceutical Sciences and Research University, New Delhi, India., Department of Pharmacy, Delhi Pharmaceutical Sciences and Research University, New Delhi, India.",N/A
39781734,"Marine-Derived Compound Targeting mTOR and FGFR-2: A Promising Strategy for Breast, Lung, and Colorectal Cancer Therapy.",2025,"Mythili, K, Chattopadhyay, Basha, Sekar, Senthil, D, Rangasamy, ArulJothi","Integrated Genetics and Molecular Oncology Group, Department of Genetic Engineering, College of Engineering and Technology, SRM Institute of Science and Technology, Kattankulathur, Chennai, Tamilnadu, 603203, India., Integrated Genetics and Molecular Oncology Group, Department of Genetic Engineering, College of Engineering and Technology, SRM Institute of Science and Technology, Kattankulathur, Chennai, Tamilnadu, 603203, India., Integrated Genetics and Molecular Oncology Group, Department of Genetic Engineering, College of Engineering and Technology, SRM Institute of Science and Technology, Kattankulathur, Chennai, Tamilnadu, 603203, India., Integrated Genetics and Molecular Oncology Group, Department of Genetic Engineering, College of Engineering and Technology, SRM Institute of Science and Technology, Kattankulathur, Chennai, Tamilnadu, 603203, India., Integrated Genetics and Molecular Oncology Group, Department of Genetic Engineering, College of Engineering and Technology, SRM Institute of Science and Technology, Kattankulathur, Chennai, Tamilnadu, 603203, India., Integrated Genetics and Molecular Oncology Group, Department of Genetic Engineering, College of Engineering and Technology, SRM Institute of Science and Technology, Kattankulathur, Chennai, Tamilnadu, 603203, India., Centre for Bioinformatics, Department of Biotechnology, Karpagam Academy of Higher Education, Coimbatore - 641021, India., Department of Biotechnology, Vinayaka Mission's Kirupananda Variyar Engineering College, Vinayaka Mission's Research Foundation, Salem-636308, Tamilnadu, India., Integrated Genetics and Molecular Oncology Group, Department of Genetic Engineering, College of Engineering and Technology, SRM Institute of Science and Technology, Kattankulathur, Chennai, Tamilnadu, 603203, India.",N/A
39781731,Observation on the Therapeutic Efficacy of Camrelizumab Combined with Chemotherapy in Non-small Cell Lung Cancer and the Cutaneous Immune-related Adverse Events: A Retrospective Study.,2025,"Wang, Yu, Cao, Zhao, Qin, Liu, Han","Department of Oncology, Affiliated Hospital of Xuzhou Medical University, Xuzhou, 221002, Jiangsu, China., Department of Oncology, Affiliated Hospital of Xuzhou Medical University, Xuzhou, 221002, Jiangsu, China., Department of Oncology, Affiliated Hospital of Xuzhou Medical University, Xuzhou, 221002, Jiangsu, China., Department of Oncology, Affiliated Hospital of Xuzhou Medical University, Xuzhou, 221002, Jiangsu, China., Department of Oncology, Affiliated Hospital of Xuzhou Medical University, Xuzhou, 221002, Jiangsu, China., Department of Oncology, Affiliated Hospital of Xuzhou Medical University, Xuzhou, 221002, Jiangsu, China., Department of Oncology, Affiliated Hospital of Xuzhou Medical University, Xuzhou, 221002, Jiangsu, China.",N/A
39781729,Benzimidazole Derivatives in Breast Cancer: Target-Specific Therapeutic Breakthroughs.,2025,"Mounika, K, Pal, Matada, Jain, E, Sk, M P","Integrated Drug Discovery Centre, Department of Pharmaceutical Chemistry, Acharya & BM Reddy College of Pharmacy, Bengaluru 560107, Karnataka, India., Integrated Drug Discovery Centre, Department of Pharmaceutical Chemistry, Acharya & BM Reddy College of Pharmacy, Bengaluru 560107, Karnataka, India., Integrated Drug Discovery Centre, Department of Pharmaceutical Chemistry, Acharya & BM Reddy College of Pharmacy, Bengaluru 560107, Karnataka, India., Integrated Drug Discovery Centre, Department of Pharmaceutical Chemistry, Acharya & BM Reddy College of Pharmacy, Bengaluru 560107, Karnataka, India., Department of Pharmaceutical Chemistry, M S Ramaiah University of Applied Sciences, Bangalore, 560058, Karnataka, India., Integrated Drug Discovery Centre, Department of Pharmaceutical Chemistry, Acharya & BM Reddy College of Pharmacy, Bengaluru 560107, Karnataka, India., Integrated Drug Discovery Centre, Department of Pharmaceutical Chemistry, Acharya & BM Reddy College of Pharmacy, Bengaluru 560107, Karnataka, India., Integrated Drug Discovery Centre, Department of Pharmaceutical Chemistry, Acharya & BM Reddy College of Pharmacy, Bengaluru 560107, Karnataka, India.",N/A
39781726,Establishment of a Prognostic Necroptosis-Related lncRNA Signature in Ovarian Cancer.,2025,"Xu, Li, Qiao, Hua","Department of Gynecology, Affiliated Xingtai People Hospital of Hebei Medical University, China., Department of Gynecology, Affiliated Xingtai People Hospital of Hebei Medical University, China., Department of Gynecology, Affiliated Xingtai People Hospital of Hebei Medical University, China., Department of Gynecology, Affiliated Xingtai People Hospital of Hebei Medical University, China.",N/A
39781725,"Paederia Foetida Linn (Rubiaceae): Chemical Diversity, Phytopharmacological Potential, Quantitative Analysis and Clinical Approaches.",2025,"Dwivedi, Wal, Wagh, Sachan, Joshi, Goyal","PSIT-Pranveer Singh Institute of Technology (Pharmacy), Kanpur-209305, India., PSIT-Pranveer Singh Institute of Technology (Pharmacy), Kanpur-209305, India., NGSPMs College of Pharmacy Brahma Valley Campus, Nashik, India., PSIT-Pranveer Singh Institute of Technology (Pharmacy), Kanpur-209305, India., Institute of Pharmacy, Sage University, Indore, India., Faculty of Pharmacy, Mandsaur University Mandsaur, 458001, India.",N/A
39781724,A Novel Prognostic Risk Model Based on Oxidative Stress to Predict Survival and Improve Treatment Strategies in Stomach Adenocarcinoma.,2025,N/A,N/A,N/A
39781722,Molecular and Functional Significance of Growth Differentiation Factor-15: A Review on Cardiovascular-Kidney-Metabolic Biomarker.,2025,"Tiwari, Saravanan, Anil, Shamim, Singh, Dwivedi, Varthya","Department of Pharmacology, All India Institute of Medical Sciences, Jodhpur, Rajasthan, 342005, India., Department of Pharmacology, All India Institute of Medical Sciences, Jodhpur, Rajasthan, 342005, India., Department of Pharmacology, All India Institute of Medical Sciences, Jodhpur, Rajasthan, 342005, India., Department of Pharmacology, All India Institute of Medical Sciences, Jodhpur, Rajasthan, 342005, India., Department of Pharmacology, All India Institute of Medical Sciences, Jodhpur, Rajasthan, 342005, India., Department of Pharmacology, All India Institute of Medical Sciences, Jodhpur, Rajasthan, 342005, India., Department of Pharmacology, All India Institute of Medical Sciences, Jodhpur, Rajasthan, 342005, India.",N/A
39781719,HDAC6: Tumor Progression and Beyond.,2025,N/A,N/A,N/A
39781718,CRISPR/Cas System: A Powerful Strategy to Improve Monogenic Human Diseases as Therapeutic Delivery; Current Applications and Challenges.,2025,"Saberi, Yousefi-Najafabadi, Shams, Dehghan, Ahmadi, Pilehchi, Noori, Esmaeelzadeh, Mohammadi, Khani, Sameni, Kardar, Salehi, Teng, Jajarmi","Department of Medical Biotechnology, School of Advanced Technologies in Medicine, Shahid Beheshti University of Medical Sciences, 1968917313, Tehran, Iran., Department of Medical Biotechnology, School of Advanced Technologies in Medicine, Tehran University of Medical Sciences, 5469775141, Tehran, Iran., Department of Medical Biotechnology, School of Advanced Technologies in Medicine, Shahid Beheshti University of Medical Sciences, 1968917313, Tehran, Iran., Department of Comparative Biomedical Sciences, School of Advanced Medical Sciences and Technologies, Shiraz University of Medical Sciences, 7134874478, Shiraz, Iran., Department of Medical Biotechnology, School of Advanced Technologies in Medicine, Shahid Beheshti University of Medical Sciences, 1968917313, Tehran, Iran., Department of Medical Biotechnology, School of Advanced Technologies in Medicine, Shahid Beheshti University of Medical Sciences, 1968917313, Tehran, Iran., Department of Biotechnology, Faculty of Medicine, Shahed University, 3319118651, Tehran, Iran., Department of Medical Biotechnology, School of Advanced Technologies in Medicine, Shahid Beheshti University of Medical Sciences, 1968917313, Tehran, Iran., Department of Medical Biotechnology, School of Advanced Technologies in Medicine, Shahid Beheshti University of Medical Sciences, 1968917313, Tehran, Iran., Department of Stem Cell and Regenerative Medicine, Institute of Medical Biotechnology, National Institute of Genetic Engineering & Biotechnology (NIGEB), 14965161, Tehran, Iran., Department of Medical Biotechnology, School of Advanced Technologies in Medicine, Shahid Beheshti University of Medical Sciences, 1968917313, Tehran, Iran., Department of Medical Biotechnology, School of Advanced Technologies in Medicine, Tehran University of Medical Sciences, 5469775141, Tehran, Iran., Department of Medical Biotechnology, School of Advanced Technologies in Medicine, Shahid Beheshti University of Medical Sciences, 1968917313, Tehran, Iran., Department of Hematology and Medical Oncology, Winship Cancer Institute, Emory University, Atlanta, GA 30322, USA., Department of Medical Biotechnology, School of Advanced Technologies in Medicine, Shahid Beheshti University of Medical Sciences, 1968917313, Tehran, Iran.",N/A
39781716,pH-sensitive Silk Fibroin Nanoparticles Encapsulating Β-Hydroxyisovalerylshikonin for Targeted Pancreatic Cancer Therapy.,2025,N/A,N/A,N/A
39781639,Evaluation of the Diagnostic Accuracy of Percutaneous Core Needle Biopsy in Bone and Soft Tissue Tumors.,2024,N/A,N/A,N/A
39781633,Hand Enchondromas Treated with Curettage: a Single Institution Experience and Literature Review.,2024,N/A,N/A,N/A
39781604,Machine Learning-Assisted Prediction of Photothermal Metal-Phenolic Networks.,2025,N/A,N/A,N/A
39781586,Prognostic Value of Tumor Regression Grade Combined with Pathological Lymph Node Status in Initially Node-Positive Rectal Cancer Treated with Neoadjuvant Chemoradiotherapy.,2025,"Luo, Chen, Li, Li","Department of Colorectal Surgery, Fudan University Shanghai Cancer Center, Shanghai, China., Department of Oncology, Shanghai Medical College, Fudan University, Shanghai, China., Department of Colorectal Surgery, Fudan University Shanghai Cancer Center, Shanghai, China., Department of Colorectal Surgery, Fudan University Shanghai Cancer Center, Shanghai, China.",N/A
39781576,Patient and Caregiver Perceptions of Caregiving Contributions During Cancer Clinical Trials: A Mixed-Methods Study.,2025,N/A,N/A,N/A
39781572,Pretreatment Fatigue in Breast Cancer Patients: Comparison With Healthy Controls and Associations With Biopsychosocial Variables.,2025,N/A,N/A,N/A
39781570,Exploring vimentin's role in breast cancer via PICK1 alternative polyadenylation and the miR-615-3p-PICK1 interaction.,2025,"Jia, Shao, Zhong, Dong","College of Basic Medical Science, Jinzhou Medical University, Jinzhou, Liaoning, China., Department of Oncology, Shanghai East Hospital, Tongji University School of Medicine, Tongji University, Shanghai, People's Republic of China., Department of Oncology, Shanghai East Hospital, Tongji University School of Medicine, Tongji University, Shanghai, People's Republic of China., Department of Oncology, Shanghai East Hospital, Tongji University School of Medicine, Tongji University, Shanghai, People's Republic of China.",N/A
39781524,Comprehensive multi-omics analysis identifies NUSAP1 as a potential prognostic and immunotherapeutic marker for lung adenocarcinoma.,2025,N/A,N/A,N/A
39781521,Doublecortin-like kinase 1 promotes stem cell-like properties through the Hippo-YAP pathway in prostate cancer.,2025,N/A,N/A,N/A
39781520,PUF60 Promotes Chemoresistance Through Drug Efflux and Reducing Apoptosis in Gastric Cancer.,2025,Wang,"Department of Medical Oncology, the Third Affiliated Hospital of Sun Yat-sen University, Guangzhou, China.",N/A
39781519,Short-term outcomes after robot-assisted versus open radical cystectomy for bladder cancer in patients with diabetes mellitus: an analysis of the United States Nationwide Inpatient Sample of 2005-2018.,2025,N/A,N/A,N/A
39781479,Acute kidney injury following CAR-T cell therapy: a nephrologist's perspective.,2025,N/A,N/A,N/A
39781472,The positive feedback loop between SP1 and MAP2K2 significantly drives resistance to VEGFR inhibitors in clear cell renal cell carcinoma.,2025,N/A,N/A,N/A
39781469,Downregulated CCND3 Is a Key Event Driving Lung Adenocarcinoma Metastasis during Acquired Cisplatin Resistance.,2025,"Su, Ma, Guo, Cao, Xin, Wu, Liu, Chen, Tao, Yang, Huang, Pan, Pan","Guangzhou Municipal and Guangdong Provincial Key Laboratory of Protein Modification and Degradation, Guangzhou Medical University, Guangzhou 511436, China., Guangzhou Municipal and Guangdong Provincial Key Laboratory of Protein Modification and Degradation, Guangzhou Medical University, Guangzhou 511436, China., Guangzhou Municipal and Guangdong Provincial Key Laboratory of Protein Modification and Degradation, Guangzhou Medical University, Guangzhou 511436, China., Guangzhou Municipal and Guangdong Provincial Key Laboratory of Protein Modification and Degradation, Guangzhou Medical University, Guangzhou 511436, China., Guangzhou Municipal and Guangdong Provincial Key Laboratory of Protein Modification and Degradation, Guangzhou Medical University, Guangzhou 511436, China., Guangzhou Municipal and Guangdong Provincial Key Laboratory of Protein Modification and Degradation, Guangzhou Medical University, Guangzhou 511436, China., Guangzhou Municipal and Guangdong Provincial Key Laboratory of Protein Modification and Degradation, Guangzhou Medical University, Guangzhou 511436, China., Guangzhou Municipal and Guangdong Provincial Key Laboratory of Protein Modification and Degradation, Guangzhou Medical University, Guangzhou 511436, China., Guangzhou Municipal and Guangdong Provincial Key Laboratory of Protein Modification and Degradation, Guangzhou Medical University, Guangzhou 511436, China., School of Pharmacy, Guangdong Medical University, Dongguan 523808, China., Guangzhou Municipal and Guangdong Provincial Key Laboratory of Protein Modification and Degradation, Guangzhou Medical University, Guangzhou 511436, China., Guangzhou Municipal and Guangdong Provincial Key Laboratory of Protein Modification and Degradation, Guangzhou Medical University, Guangzhou 511436, China., Guangzhou Municipal and Guangdong Provincial Key Laboratory of Protein Modification and Degradation, Guangzhou Medical University, Guangzhou 511436, China.",N/A
39781466,S6K1 is a Targetable Vulnerability in Tumors Exhibiting Plasticity and Therapy Resistance.,2025,"Ganguly, Burikhanov, Sviripa, Ellingson, Jiang, Gosser, Orren, Goellner, Shenoy, Rao, D'Orazio, Brainson, Zhan, Spielmann, Watt, Rangnekar","Department of Toxicology and Cancer Biology, College of Medicine, University of Kentucky, Lexington, Kentucky, USA., Department of Radiation Medicine, College of Medicine, University of Kentucky, Lexington, Kentucky, USA., Department of Molecular and Cellular Biochemistry and Molecular Biology, College of Medicine, University of Kentucky, Lexington, Kentucky, USA., Division of Internal Medicine, College of Medicine, University of Kentucky, Lexington, Kentucky, USA., Department of Radiation Medicine, College of Medicine, University of Kentucky, Lexington, Kentucky, USA., Department of Toxicology and Cancer Biology, College of Medicine, University of Kentucky, Lexington, Kentucky, USA., Department of Toxicology and Cancer Biology, College of Medicine, University of Kentucky, Lexington, Kentucky, USA., Department of Toxicology and Cancer Biology, College of Medicine, University of Kentucky, Lexington, Kentucky, USA., Department of Pharmaceutical Chemistry, Manipal College of Pharmaceutical Sciences, Manipal Academy of Higher Education, Manipal, India., Department of Pharmacy Practice, Center for Translational Research, Manipal College of Pharmaceutical Sciences, Manipal Academy of Higher Education, Manipal, India., Department of Pediatrics, College of Medicine, University of Kentucky, Lexington, Kentucky, USA., Department of Toxicology and Cancer Biology, College of Medicine, University of Kentucky, Lexington, Kentucky, USA., Department of Pharmaceutical Sciences, College of Pharmacy, University of Kentucky, Lexington, Kentucky, USA., Department of Molecular and Cellular Biochemistry and Molecular Biology, College of Medicine, University of Kentucky, Lexington, Kentucky, USA., Department of Molecular and Cellular Biochemistry and Molecular Biology, College of Medicine, University of Kentucky, Lexington, Kentucky, USA., Department of Toxicology and Cancer Biology, College of Medicine, University of Kentucky, Lexington, Kentucky, USA.",N/A
39781465,Glycine Decarboxylase Regulates Renal Carcinoma Progression via Interferon Stimulated Gene Factor 3-Mediated Pathway.,2025,Kim,"Division of Haematology and Oncology, Department of Internal Medicine, School of Medicine, Keimyung University, Republic of Korea.",N/A
39781459,"New insights into mitochondrial quality control in anthracycline-induced cardiotoxicity: molecular mechanisms, therapeutic targets, and natural products.",2025,N/A,N/A,N/A
39781458,FAT1 knockdown enhances the CSC properties of HNSCC through p-CaMKII-mediated inactivation of the IFN pathway.,2025,"Wang, Chen, Sun, Liu, Du, Wang, Shao, Liu, Shang","State Key Laboratory of Oral & Maxillofacial Reconstruction and Regeneration, Key Laboratory of Oral Biomedicine Ministry of Education, Hubei Key Laboratory of Stomatology, School & Hospital of Stomatology, Wuhan University, China., State Key Laboratory of Oral & Maxillofacial Reconstruction and Regeneration, Key Laboratory of Oral Biomedicine Ministry of Education, Hubei Key Laboratory of Stomatology, School & Hospital of Stomatology, Wuhan University, China., State Key Laboratory of Oral & Maxillofacial Reconstruction and Regeneration, Key Laboratory of Oral Biomedicine Ministry of Education, Hubei Key Laboratory of Stomatology, School & Hospital of Stomatology, Wuhan University, China., State Key Laboratory of Oral & Maxillofacial Reconstruction and Regeneration, Key Laboratory of Oral Biomedicine Ministry of Education, Hubei Key Laboratory of Stomatology, School & Hospital of Stomatology, Wuhan University, China., State Key Laboratory of Oral & Maxillofacial Reconstruction and Regeneration, Key Laboratory of Oral Biomedicine Ministry of Education, Hubei Key Laboratory of Stomatology, School & Hospital of Stomatology, Wuhan University, China., State Key Laboratory of Oral & Maxillofacial Reconstruction and Regeneration, Key Laboratory of Oral Biomedicine Ministry of Education, Hubei Key Laboratory of Stomatology, School & Hospital of Stomatology, Wuhan University, China., State Key Laboratory of Oral & Maxillofacial Reconstruction and Regeneration, Key Laboratory of Oral Biomedicine Ministry of Education, Hubei Key Laboratory of Stomatology, School & Hospital of Stomatology, Wuhan University, China., State Key Laboratory of Oral & Maxillofacial Reconstruction and Regeneration, Key Laboratory of Oral Biomedicine Ministry of Education, Hubei Key Laboratory of Stomatology, School & Hospital of Stomatology, Wuhan University, China., State Key Laboratory of Oral & Maxillofacial Reconstruction and Regeneration, Key Laboratory of Oral Biomedicine Ministry of Education, Hubei Key Laboratory of Stomatology, School & Hospital of Stomatology, Wuhan University, China.",N/A
39781457,The Cyclin-Dependent Kinase 8 Inhibitor E966-0530-45418 Attenuates Pulmonary Fibrosis ,2025,"Chou, Huang, Hsu, Hsu, Lin, Yang","School of Pharmacy, College of Medicine, National Taiwan University, Taipei, Taiwan., School of Pharmacy, Taipei Medical University, Taipei, Taiwan., Graduate Institute of Cancer Biology and Drug Discovery, College of Medical Science and Technology, Taipei Medical University, Taipei, Taiwan., Graduate Institute of Cancer Biology and Drug Discovery, College of Medical Science and Technology, Taipei Medical University, Taipei, Taiwan., Graduate Institute of Cancer Biology and Drug Discovery, College of Medical Science and Technology, Taipei Medical University, Taipei, Taiwan., School of Pharmacy, College of Medicine, National Taiwan University, Taipei, Taiwan.",N/A
39781456,Cold atmospheric plasma potentiates ferroptosis via EGFR(Y1068)-mediated dual axes on GPX4 among triple negative breast cancer cells.,2025,"Dai, Lv, Li, Wang, Xi","National Local Joint Engineering Research Center for Precision Surgery & Regenerative Medicine, Shaanxi Provincial Center for Regenerative Medicine and Surgical Engineering, The First Affiliated Hospital of Xi'an Jiaotong University, Xi'an Jiaotong University, Xi'an 710061, China., National Local Joint Engineering Research Center for Precision Surgery & Regenerative Medicine, Shaanxi Provincial Center for Regenerative Medicine and Surgical Engineering, The First Affiliated Hospital of Xi'an Jiaotong University, Xi'an Jiaotong University, Xi'an 710061, China., Department of Oncology, Affiliated Hospital of Inner Mongolia Medical University, Huhehot 010050, China., National Local Joint Engineering Research Center for Precision Surgery & Regenerative Medicine, Shaanxi Provincial Center for Regenerative Medicine and Surgical Engineering, The First Affiliated Hospital of Xi'an Jiaotong University, Xi'an Jiaotong University, Xi'an 710061, China., National Local Joint Engineering Research Center for Precision Surgery & Regenerative Medicine, Shaanxi Provincial Center for Regenerative Medicine and Surgical Engineering, The First Affiliated Hospital of Xi'an Jiaotong University, Xi'an Jiaotong University, Xi'an 710061, China.",N/A
39781447,Smad2 Cooperating with TGIF2 Contributes to EMT and Cancer Stem Cells Properties in Pancreatic Cancer via Co-Targeting SOX2.,2025,"Zu, Chen, Ilmer, Renz","Department of General Surgery, the Second Affiliated Hospital of Anhui Medical University, Hefei, 230601, China., Department of Pharmacy, The First Affiliated Hospital of Anhui Medical University, Hefei, Anhui 230022, China., German Cancer Consortium (DKTK), Partner Site Munich and German Cancer Research Center (DKFZ), Heidelberg, Germany., German Cancer Consortium (DKTK), Partner Site Munich and German Cancer Research Center (DKFZ), Heidelberg, Germany.",N/A
39781441,Artificial pneumothorax during image-guided thermal ablation for treatment of a solitary paramediastinal lung metastasis.,2024,"Liolis, Christakos, Lianos, Yusuf","Department of Oncology, General University Hospital of Patras, Patras, Greece., Department of Oncology, Metaxa Cancer Hospital, Piraeus, Greece., Department of Oncology, Metaxa Cancer Hospital, Piraeus, Greece., Department of Radiology, King's College Hospital NHS Foundation Trust, London, UK.",N/A
39781437,Advancements in prognostic factors and survival outcomes following pulmonary metastasectomy for head and neck cancers.,2024,"Grapatsas, Liolis","Department of Thoracic Surgery and Thoracic Endoscopy, Ruhrlandklinik, West German Lung Center, University Hospital Essen, University Duisburg-Essen Essen, Germany., Department of Oncology, General University Hospital of Patras, Patras, Greece.",N/A
39781434,Frequency and treatment outcomes of chest wall masses: a 10-year report.,2024,"Rezaei, Mehri, Fattahi Masoum","Endoscopic and Minimally Invasive Surgery Research Center, Mashhad University of Medical Sciences, Mashhad, Iran., Endoscopic and Minimally Invasive Surgery Research Center, Mashhad University of Medical Sciences, Mashhad, Iran., Endoscopic and Minimally Invasive Surgery Research Center, Mashhad University of Medical Sciences, Mashhad, Iran.",N/A
39781407,Multiple cutaneous mast cell tumors displaying epitheliotropism in a male cat.,2025,"Cormillot, Dickinson, Weissman, MacDonald-Dickinson","Department of Small Animal Clinical Sciences (Cormillot, Weissman, MacDonald-Dickinson) and Department of Veterinary Pathology (Dickinson), Western College of Veterinary MeDicine, University of Saskatchewan, 52 Campus Drive, Saskatoon, Saskatchewan S7N 5B4., Department of Small Animal Clinical Sciences (Cormillot, Weissman, MacDonald-Dickinson) and Department of Veterinary Pathology (Dickinson), Western College of Veterinary MeDicine, University of Saskatchewan, 52 Campus Drive, Saskatoon, Saskatchewan S7N 5B4., Department of Small Animal Clinical Sciences (Cormillot, Weissman, MacDonald-Dickinson) and Department of Veterinary Pathology (Dickinson), Western College of Veterinary MeDicine, University of Saskatchewan, 52 Campus Drive, Saskatoon, Saskatchewan S7N 5B4., Department of Small Animal Clinical Sciences (Cormillot, Weissman, MacDonald-Dickinson) and Department of Veterinary Pathology (Dickinson), Western College of Veterinary MeDicine, University of Saskatchewan, 52 Campus Drive, Saskatoon, Saskatchewan S7N 5B4.",N/A
39781381,Anti-Mesothelin CAR-NK cells as a novel targeted therapy against cervical cancer.,2024,"Hass, von der Ohe, von Kaisenberg, Schaudien, Hillemanns","Department of Gynecology and Obstetrics, Hannover Medical School, Hannover, Germany., Department of Gynecology and Obstetrics, Hannover Medical School, Hannover, Germany., Department of Gynecology and Obstetrics, Hannover Medical School, Hannover, Germany., Fraunhofer Institute for Toxicology and Experimental Medicine, ITEM, Hannover, Germany., Department of Gynecology and Obstetrics, Hannover Medical School, Hannover, Germany.",N/A
39781376,A case of pityriasis rubra pilaris secondary to ponatinib.,2025,N/A,N/A,N/A
39781363,Cold exposure reinstates NAD,2024,"Grazioso, Del Mar Rigual, Caleiras, Djouder","Growth Factors, Nutrients and Cancer Group, Molecular Oncology Programme, Centro Nacional de Investigaciones Oncológicas (CNIO) Madrid, ES28029 Spain., Growth Factors, Nutrients and Cancer Group, Molecular Oncology Programme, Centro Nacional de Investigaciones Oncológicas (CNIO) Madrid, ES28029 Spain., Histopathology Core Unit Madrid, ES-28029 Spain., Growth Factors, Nutrients and Cancer Group, Molecular Oncology Programme, Centro Nacional de Investigaciones Oncológicas (CNIO) Madrid, ES28029 Spain.",N/A
39781362,Efficacy and Safety of Immune Checkpoint Inhibitor Rechallenge in the Treatment of Esophageal Squamous Cell Cancer.,2025,"Zhang, Zhang, He, Zhong, Yu, Wang","Department of Radiation Oncology, Shandong Cancer Hospital and Institute, Shandong First Medical University and Shandong Academy of Medical Sciences, Jinan, Shandong, China., Department of Radiation Oncology, Shandong Cancer Hospital and Institute, Shandong First Medical University and Shandong Academy of Medical Sciences, Jinan, Shandong, China., Department of Radiation Oncology, Shandong Cancer Hospital and Institute, Shandong First Medical University and Shandong Academy of Medical Sciences, Jinan, Shandong, China., Department of Radiation Oncology, Shandong Cancer Hospital and Institute, Shandong First Medical University and Shandong Academy of Medical Sciences, Jinan, Shandong, China., Department of Radiation Oncology, Shandong Cancer Hospital and Institute, Shandong First Medical University and Shandong Academy of Medical Sciences, Jinan, Shandong, China., Department of Radiation Oncology, Shandong Cancer Hospital and Institute, Shandong First Medical University and Shandong Academy of Medical Sciences, Jinan, Shandong, China.",N/A
39781361,A Novel Competing Endogenous RNA Network Reveals Potential Mechanisms and Biomarkers of Chemoresistance in Lung Adenocarcinoma.,2025,N/A,N/A,N/A
39781356,Third generation vs first generation EGFR-TKIs in the first line treatment for EGFR-mutated locally advanced or metastatic non-small cell lung cancer: a meta-analysis based on randomized controlled trials.,2025,"Hu, Qin, Dong, Lin, Chen, Zhang, Feng","Department of Oncology, The Second People's Hospital of Jingdezhen, Jingdezhen, China., Department of Oncology, The Second People's Hospital of Jingdezhen, Jingdezhen, China., Department of Oncology, The Second People's Hospital of Jingdezhen, Jingdezhen, China., Department of Oncology, The Second People's Hospital of Jingdezhen, Jingdezhen, China., Department of Oncology, The Second People's Hospital of Jingdezhen, Jingdezhen, China., Department of thoracic surgery, The Second Affiliated Hospital, Jiangxi Medical College, Nanchang University, Nanchang, China., Department of Respiratory and Critical Care Medicine, The Second People's Hospital of Jingdezhen, Jingdezhen, China.",N/A
39781350,A Novel Oncolytic Virus Formulation Based on Mesenchymal Stem Cell-Derived Vesicles for Tumor Therapy.,2025,"Zeng, Huang, Yao, Gao","Department of General Practice, Guangdong Provincial Geriatrics Institute, Guangdong Provincial People's Hospital (Guangdong Academy of Medical Sciences), Southern Medical University, Guangzhou 510080, China., School of Medicine, South China University of Technology, Department of Thoracic Surgery, Guangdong Provincial People's Hospital (Guangdong Academy of Medical Sciences), Southern Medical University, Guangzhou 510006, China., Department of Thoracic Surgery, Guangdong Provincial People's Hospital (Guangdong Academy of Medical Sciences), Southern Medical University, Guangzhou 510080, China., Department of General Practice, Guangdong Provincial Geriatrics Institute, Guangdong Provincial People's Hospital (Guangdong Academy of Medical Sciences), Southern Medical University, Guangzhou 510080, China.",N/A
39781349,Lasalocid inhibits melanoma by down-regulating FOXM1 through PI3K/AKT and JNK/P38 MAPK pathways.,2025,"Yuan, Jiang, Zhu, Chu, Zhang, Bie, Li","Department of Pharmacy, The Second Clinical Medical College of North Sichuan Medical College, Nanchong, Sichuan, China, 637003., School of Pharmacy, North Sichuan Medical College, Nanchong, China, 637100., Department of Pharmacy, The Second Clinical Medical College of North Sichuan Medical College, Nanchong, Sichuan, China, 637003., Department of Pharmacy, The Second Clinical Medical College of North Sichuan Medical College, Nanchong, Sichuan, China, 637003., Department of Pharmacy, The Second Clinical Medical College of North Sichuan Medical College, Nanchong, Sichuan, China, 637003., Department of Oncology, The Second Clinical Medical College of North Sichuan Medical College, Nanchong, China, 637003., Department of Pharmacy, The Second Clinical Medical College of North Sichuan Medical College, Nanchong, Sichuan, China, 637003.",N/A
39781347,ADAMTS7 Enhances Gastric Cancer Growth and Metastasis by Triggering the NF-κB Signaling Pathway.,2025,N/A,N/A,N/A
39781346,Radiation Therapy Improves Survival in Patients with Distant Metastatic Head and Neck Squamous Cell Carcinoma: A Retrospective Study.,2025,"Wang, Zhao, Huang, Song, Liu","State Key Laboratory of Oncology in South China, Guangdong Provincial Clinical Research Center for Cancer, Collaborative Innovation Center for Cancer Medicine, Sun Yat-sen University Cancer Center, Guangzhou 510060, China., State Key Laboratory of Oncology in South China, Guangdong Provincial Clinical Research Center for Cancer, Collaborative Innovation Center for Cancer Medicine, Sun Yat-sen University Cancer Center, Guangzhou 510060, China., State Key Laboratory of Oncology in South China, Guangdong Provincial Clinical Research Center for Cancer, Collaborative Innovation Center for Cancer Medicine, Sun Yat-sen University Cancer Center, Guangzhou 510060, China., State Key Laboratory of Oncology in South China, Guangdong Provincial Clinical Research Center for Cancer, Collaborative Innovation Center for Cancer Medicine, Sun Yat-sen University Cancer Center, Guangzhou 510060, China., State Key Laboratory of Oncology in South China, Guangdong Provincial Clinical Research Center for Cancer, Collaborative Innovation Center for Cancer Medicine, Sun Yat-sen University Cancer Center, Guangzhou 510060, China.",N/A
39781344,HIF-1α Mediated Regulation of Glioblastoma Malignant Phenotypes through CD47 Protein: Understanding Functions and Mechanisms.,2025,"Tan, Li, Wang, Zou, Tang, Cai, Jiang","Neurosurgery Center, The National Key Clinical Specialty, The Engineering Technology Research Center of Education Ministry of China on Diagnosis and Treatment of Cerebrovascular Disease, Guangdong Provincial Key Laboratory on Brain Function Repair and Regeneration, The Neurosurgery Institute of Guangdong Province, Zhujiang Hospital, Southern Medical University, Guangzhou 510282, China., Neurosurgery Center, The National Key Clinical Specialty, The Engineering Technology Research Center of Education Ministry of China on Diagnosis and Treatment of Cerebrovascular Disease, Guangdong Provincial Key Laboratory on Brain Function Repair and Regeneration, The Neurosurgery Institute of Guangdong Province, Zhujiang Hospital, Southern Medical University, Guangzhou 510282, China., Neurosurgery Center, The National Key Clinical Specialty, The Engineering Technology Research Center of Education Ministry of China on Diagnosis and Treatment of Cerebrovascular Disease, Guangdong Provincial Key Laboratory on Brain Function Repair and Regeneration, The Neurosurgery Institute of Guangdong Province, Zhujiang Hospital, Southern Medical University, Guangzhou 510282, China., Neurosurgery Center, The National Key Clinical Specialty, The Engineering Technology Research Center of Education Ministry of China on Diagnosis and Treatment of Cerebrovascular Disease, Guangdong Provincial Key Laboratory on Brain Function Repair and Regeneration, The Neurosurgery Institute of Guangdong Province, Zhujiang Hospital, Southern Medical University, Guangzhou 510282, China., Neurosurgery Center, The National Key Clinical Specialty, The Engineering Technology Research Center of Education Ministry of China on Diagnosis and Treatment of Cerebrovascular Disease, Guangdong Provincial Key Laboratory on Brain Function Repair and Regeneration, The Neurosurgery Institute of Guangdong Province, Zhujiang Hospital, Southern Medical University, Guangzhou 510282, China., Neurosurgery Center, The National Key Clinical Specialty, The Engineering Technology Research Center of Education Ministry of China on Diagnosis and Treatment of Cerebrovascular Disease, Guangdong Provincial Key Laboratory on Brain Function Repair and Regeneration, The Neurosurgery Institute of Guangdong Province, Zhujiang Hospital, Southern Medical University, Guangzhou 510282, China., Neurosurgery Center, The National Key Clinical Specialty, The Engineering Technology Research Center of Education Ministry of China on Diagnosis and Treatment of Cerebrovascular Disease, Guangdong Provincial Key Laboratory on Brain Function Repair and Regeneration, The Neurosurgery Institute of Guangdong Province, Zhujiang Hospital, Southern Medical University, Guangzhou 510282, China.",N/A
39781342,The Clinical Prediction Value of the Ubiquitination Model Reflecting the Microenvironment Infiltration and Drug Sensitivity in Breast Cancer.,2025,N/A,N/A,N/A
39781339,Unlocking the Hidden Potential of Cancer Therapy Targeting Lysine Succinylation.,2025,N/A,N/A,N/A
39781313,Colorectal Cancer and Its Microenvironment: A Brief Review.,2024,"M Imanbayev, K Koyshybaev, M Kereyeva, A Aitmagambetova, B Zharylgapov","Department of Oncology, West Kazakhstan Marat Ospanov Medical University, Aktobe, Kazakhstan., Department of Oncology, West Kazakhstan Marat Ospanov Medical University, Aktobe, Kazakhstan., Department of Oncology, West Kazakhstan Marat Ospanov Medical University, Aktobe, Kazakhstan., Department of Oncology, West Kazakhstan Marat Ospanov Medical University, Aktobe, Kazakhstan., Department of Oncology, West Kazakhstan Marat Ospanov Medical University, Aktobe, Kazakhstan.",N/A
39781309,Recurrence of chronic lymphatic leukemia as infiltration of the spinal cord.,2024,N/A,N/A,N/A
39781308,Knosp and revised Knosp classifications predict non-functioning pituitary adenoma outcomes: a single tertiary center experience.,2024,"Rouf, Berrabeh, Zarraa, Latrech","Department of Endocrinology, Diabetology and Nutrition, Mohammed VI University Hospital, Medical School, Mohamed the First University, Oujda, Morocco., Department of Endocrinology, Diabetology and Nutrition, Mohammed VI University Hospital, Medical School, Mohamed the First University, Oujda, Morocco., Department of Endocrinology, Diabetology and Nutrition, Mohammed VI University Hospital, Medical School, Mohamed the First University, Oujda, Morocco., Department of Endocrinology, Diabetology and Nutrition, Mohammed VI University Hospital, Medical School, Mohamed the First University, Oujda, Morocco.",N/A
39781272,Inhibition of triple-negative breast cancer growth via delphinidin-mediated suppression of the JAK2/STAT3/PD-L1 pathway.,2024,"Song, Yan, Xiong, Zheng, Luo, Deng, Zhu","School of Public Health, Chengdu Medical College, Chengdu, China., School of Public Health, Chengdu Medical College, Chengdu, China., School of Public Health, Chengdu Medical College, Chengdu, China., School of Public Health, Chengdu Medical College, Chengdu, China., School of Public Health, Chengdu Medical College, Chengdu, China., Thyroid Breast Surgery, Chengdu Seventh People's Hospital, Tumor Affiliated Hospital of Chengdu Medical College, Chengdu, China., School of Public Health, Chengdu Medical College, Chengdu, China.",N/A
39781264,PRMT5-Mediated ALKBH5 Methylation Promotes Colorectal Cancer Immune Evasion via Increasing CD276 Expression.,2025,"Liu, Xu, Zhu, Zhu, Yong, Li","Centre of Clinical Oncology, The Affiliated Hospital of Xuzhou Medical University, Xuzhou, Jiangsu, China., Department of Oncology, The Affiliated Huai'an Hospital of Xuzhou Medical University and The Second People's Hospital of Huai'an, Huai'an, Jiangsu, China., Laboratory of Epigenetic Regulation in Molecular Medicine, Department of Pathophysiology, School of Basic Medical Sciences, Wannan Medical College, Wuhu, Anhui, China., Laboratory of Epigenetic Regulation in Molecular Medicine, Department of Pathophysiology, School of Basic Medical Sciences, Wannan Medical College, Wuhu, Anhui, China., Department of Oncology, The Affiliated Huai'an Hospital of Xuzhou Medical University and The Second People's Hospital of Huai'an, Huai'an, Jiangsu, China., Laboratory of Epigenetic Regulation in Molecular Medicine, Department of Pathophysiology, School of Basic Medical Sciences, Wannan Medical College, Wuhu, Anhui, China.",N/A
39781240,Real-world effectiveness and safety of second- or third-line pegylated liposomal irinotecan plus 5-fluorouracil and folinic acid in pancreatic ductal adenocarcinoma in Spain.,2025,"Álvarez-Gallego, Macarulla, Hernández, Granja, Diaz, Cubillo","Centro Integral Oncológico Clara Campal HM CIOCC, Hospital Universitario HM Sanchinarro, C\ Oña Nº10, Madrid 28050, Spain., Vall d'Hebrón Institute of Oncology (VHIO), Hospital Universitario Vall d'Hebrón, Barcelona, Spain., Complejo Hospitalario de Navarra, Pamplona, Spain., Hospital Clínico San Carlos, Madrid, Spain., Hospital Universitario y Politécnico La Fe, Valencia, Spain., Centro Integral Oncológico Clara Campal HM CIOCC, Hospital Universitario HM Sanchinarro, Madrid, Spain.",N/A
39781239,Navigating the landscape of neoadjuvant immunotherapy for NSCLC: progress and controversies.,2025,"Chen, Qi, Sun, Jiang, Xue, Li, Wang, Zhang","Department of Oncology, Beijing Tuberculosis and Thoracic Tumor Research Institute, Beijing Chest Hospital, Capital Medical University, Beijing, China., Department of Oncology, Beijing Tuberculosis and Thoracic Tumor Research Institute, Beijing Chest Hospital, Capital Medical University, Beijing, China., Department of General Surgery, Peking Union Medical College Hospital, Chinese Academy of Medical Science and Peking Union Medical College, Beijing, China., Department of Oncology, Beijing Tuberculosis and Thoracic Tumor Research Institute, Beijing Chest Hospital, Capital Medical University, Beijing, China., Department of Biochemistry and Molecular Biology, Heilongjiang Provincial Science and Technology Innovation Team in Higher Education Institutes for Infection and Immunity, Harbin Medical University, Harbin, China., Department of Oncology, Beijing Tuberculosis and Thoracic Tumor Research Institute, Beijing Chest Hospital, Capital Medical University, Beijing, China., Department of Oncology, Beijing Tuberculosis and Thoracic Tumor Research Institute, Beijing Chest Hospital, Capital Medical University, Beijing, China., Department of Oncology, Beijing Tuberculosis and Thoracic Tumor Research Institute, Beijing Chest Hospital, Capital Medical University, No. 9 Beiguan Street, Tongzhou District, Beijing 101149, China.",N/A
39781204,Unusual outcome of treatment of thymoma with immunotherapy: case report.,2024,"Shanshal, Maakaron, Parikh, Moffett, Luce, Schwecke, Molina, Leventakos","Department of Oncology, Mayo Clinic, Rochester, MN, USA., Division of Hematology, Oncology and Transplantation, University of Minnesota, Minneapolis, MN, USA., Department of Oncology, Mayo Clinic, Rochester, MN, USA., Department of Oncology, Mayo Clinic, Rochester, MN, USA., Department of Oncology, Mayo Clinic, Rochester, MN, USA., Department of Oncology, Mayo Clinic, Rochester, MN, USA., Department of Oncology, Mayo Clinic, Rochester, MN, USA., Department of Oncology, Mayo Clinic, Rochester, MN, USA.",N/A
39781200,Endovascular interventions in cancer patients with compromise of the mediastinal vasculature: a review.,2024,N/A,N/A,N/A
39781199,Current immunotherapy for thymic epithelial tumors: a narrative review.,2024,N/A,N/A,N/A
39781196,Managing recurrent thymic epithelial tumors after resection: outcomes and role of re-resection.,2024,N/A,N/A,N/A
39781192,Occult breast cancer in an older woman: A case report.,2025,N/A,N/A,N/A
39781179,Comparing the Artificial Intelligence Detection Models to Standard Diagnostic Methods and Alternative Models in Identifying Alzheimer's Disease in At-Risk or Early Symptomatic Individuals: A Scoping Review.,2024,"Gill, Sureddi","Medicine, Florida Atlantic University Charles E. Schmidt College of Medicine, Boca Raton, USA., Medicine, Comprehensive Blood and Cancer Center, Bakersfield, USA.",N/A
39781173,A Case of Small-Cell Lung Cancer With Novel Anaplastic Lymphoma Kinase Gene Rearrangement That Developed Intradural Extramedullary Spinal Metastases With Myelitis.,2024,N/A,N/A,N/A
39781164,Percutaneous Transhepatic Venous Embolization and Portal Vein Stenting for Ectopic Variceal Bleeding at Choledochojejunostomy After Pancreaticoduodenectomy With Portal Vein Stenosis: A Case Report.,2024,N/A,N/A,N/A
39781140,Risk Factors for Anastomotic Leakage Following Stoma Closure: A Retrospective Study in Tertiary Hospitals in Yemen.,2024,N/A,N/A,N/A
39781138,"Serum Insulin, Insulin-Like Growth Factor-1, Testosterone and Lipid Profile Levels in Benign Prostatic Hyperplasia and Prostate Cancer at Diagnosis.",2024,"Khan, Sarkar, Chandra, Raza, Mahdi","Biochemistry, Era's Lucknow Medical College and Hospital, Era University, Lucknow, IND., Biochemistry, Era's Lucknow Medical College and Hospital, Era University, Lucknow, IND., Biochemistry, Era's Lucknow Medical College and Hospital, Era University, Lucknow, IND., Biochemistry, Era's Lucknow Medical College and Hospital, Era University, Lucknow, IND., Biochemistry, Era's Lucknow Medical College and Hospital, Era University, Lucknow, IND.",N/A
39781131,Treatment of Distal Femoral Malignant Mesenchymal Tumor With Extensor Mechanism Transfer: A Case Report and Surgical Technique.,2024,N/A,N/A,N/A
39781125,Hepatic Perivascular Epithelioid Cell Tumor (PEComa): A Case Report.,2024,N/A,N/A,N/A
39781118,The Value of Digital Rectal Examination (DRE) in Prostate Cancer Diagnostics.,2024,"Debo-Aina, Martindale, Amjad, Smekal, Nkwam","Urology, Princess Royal University Hospital, King's College Hospital NHS Foundation Trust, London, GBR., Urology, Princess Royal University Hospital, King's College Hospital NHS Foundation Trust, London, GBR., Urology, Princess Royal University Hospital, King's College Hospital NHS Foundation Trust, London, GBR., Urology, Princess Royal University Hospital, King's College Hospital NHS Foundation Trust, London, GBR., Urology, King's College Hospital NHS Foundation Trust, London, GBR.",N/A
39781046,Computer modelling and vegetable bench test of a bipolar electrode array intended for use in high frequency irreversible electroporation treatment of skin cancer.,2025,"Kerrigan, McNamara, Kinsella","Mirai Medical, 5 Howley Court, Oranmore, Galway, Ireland., Mirai Medical, 5 Howley Court, Oranmore, Galway, Ireland., Mirai Medical, 5 Howley Court, Oranmore, Galway, Ireland.",N/A
39781040,Therapeutic potential of a systemically applied humanized monoclonal antibody targeting Toll‑like receptor 2 in atopic‑dermatitis‑like skin lesions in a mouse model.,2025,"Yeo, Jung, Kim, Shin","Department of Biological Sciences, Sanghuh College of Life Science, Konkuk University, Seoul 05029, Republic of Korea., Department of Biological Sciences, Sanghuh College of Life Science, Konkuk University, Seoul 05029, Republic of Korea., Department of Biological Sciences, Sanghuh College of Life Science, Konkuk University, Seoul 05029, Republic of Korea., Department of Biological Sciences, Sanghuh College of Life Science, Konkuk University, Seoul 05029, Republic of Korea.",N/A
39781038,Prognostic significance of MRD and its correlation with arsenic concentration in pediatric acute promyelocytic leukemia: a retrospective study by SCCLG-APL group.,2025,"Wan, Mai, Huang","Department of Paediatrics, Second Xiangya Hospital, Central South University, Changsha, Hunan, China., Department of Haematology and Oncology, Shenzhen Children's Hospital, Shenzhen, Guangdong, China., Department of Hematology and Oncology, Guangzhou Women and Children's Medical Center, Guangzhou Medical University, Guangdong Provincial Clinical Research Center for Child Health, Guangzhou, Guangdong, China.",N/A
39781016,The Mindful Compassion Program Integrated with Body-Mind-Spirit Empowerment for Reducing Depression in Lung Cancer Patient-Caregiver Dyads.,2025,"Hsiao, Yu, Lin, Huang, Chen, Hsieh","National Taiwan University College of Medicine School of Nursing Taipei Taiwan School of Nursing, College of Medicine, National Taiwan University, Taipei, Taiwan., National Taiwan University Hospital Hsinchu Branch Taiwan National Taiwan University, Hospital Hsinchu Branch, Taiwan., National Taiwan University College of Medicine Department of Internal Medicine Taipei Taiwan Department of Internal Medicine, National Taiwan University College of Medicine, Taipei, Taiwan., National Taipei University of Education College of Education Department of Education Taipei Taiwan Department of Education, College of Education, National Taipei University of Education, Taipei, Taiwan., Chang Gung University College of Medicine School of Nursing Taoyuan City Taiwan School of Nursing, College of Medicine, Chang Gung University, Taoyuan City, Taiwan., Taipei Medical University College of Nursing School of Nursing Taipei Taiwan School of Nursing, College of Nursing, Taipei Medical University, Taiwan.",N/A
39780997,"Medicine availability and affordability for paediatric cancers, China.",2025,"Bai, Huang, Li, Shi, Denburg, Gupta, Guan","Department of Pharmacy Administration and Clinical Pharmacy, School of Pharmaceutical Sciences, Peking University, 38 Xueyuan Road, Haidian District, Beijing, 100191, China., Department of Pharmacy Administration and Clinical Pharmacy, School of Pharmaceutical Sciences, Peking University, 38 Xueyuan Road, Haidian District, Beijing, 100191, China., Division of Haematology/Oncology, The Hospital for Sick Children, Toronto, Canada., Department of Pharmacy Administration and Clinical Pharmacy, School of Pharmaceutical Sciences, Peking University, 38 Xueyuan Road, Haidian District, Beijing, 100191, China., Division of Haematology/Oncology, The Hospital for Sick Children, Toronto, Canada., Division of Haematology/Oncology, The Hospital for Sick Children, Toronto, Canada., Department of Pharmacy Administration and Clinical Pharmacy, School of Pharmaceutical Sciences, Peking University, 38 Xueyuan Road, Haidian District, Beijing, 100191, China.",N/A
39780959,A Novel Cell-Penetrating Peptide-Vascular Endothelial Growth Factor Small Interfering Ribonucleic Acid Complex That Mediates the Inhibition of Angiogenesis by Human Umbilical Vein Endothelial Cells and in an Ex Vivo Mouse Aorta Ring Model.,2025,"Kim, Park, Kim, Seo, Roh","Cellular Reprogramming and Embryo Biotechnology Laboratory, Dental Research Institute, Seoul National University School of Dentistry, Seoul 08826, Republic of Korea., Cellular Reprogramming and Embryo Biotechnology Laboratory, Dental Research Institute, Seoul National University School of Dentistry, Seoul 08826, Republic of Korea., Cellular Reprogramming and Embryo Biotechnology Laboratory, Dental Research Institute, Seoul National University School of Dentistry, Seoul 08826, Republic of Korea., Cellular Reprogramming and Embryo Biotechnology Laboratory, Dental Research Institute, Seoul National University School of Dentistry, Seoul 08826, Republic of Korea., Cellular Reprogramming and Embryo Biotechnology Laboratory, Dental Research Institute, Seoul National University School of Dentistry, Seoul 08826, Republic of Korea.",N/A
39780958,Intratumoral Injection of Engineered ,2025,"Zhou, Zhu, Mei, Chen, Liu, Wang, Wu, Chen, Liu","The Comprehensive Cancer Centre, Nanjing Drum Tower Hospital, Affiliated Hospital of Medical School, Nanjing University, Nanjing 210008, China., The Comprehensive Cancer Centre, Nanjing Drum Tower Hospital, Affiliated Hospital of Medical School, Nanjing University, Nanjing 210008, China., The Comprehensive Cancer Centre, Nanjing Drum Tower Hospital, Affiliated Hospital of Medical School, Nanjing University, Nanjing 210008, China., The Comprehensive Cancer Centre of Nanjing Drum Tower Hospital, Clinical College of Traditional Chinese and Western Medicine, Nanjing University of Chinese Medicine, Nanjing 210008, China., The Comprehensive Cancer Centre, China Pharmaceutical University Nanjing Drum Tower Hospital, Nanjing 210008, China., The Comprehensive Cancer Centre, Nanjing Drum Tower Hospital, Affiliated Hospital of Medical School, Nanjing University, Nanjing 210008, China., The Comprehensive Cancer Centre, Nanjing Drum Tower Hospital, Affiliated Hospital of Medical School, Nanjing University, Nanjing 210008, China., The Comprehensive Cancer Centre, Nanjing Drum Tower Hospital, Affiliated Hospital of Medical School, Nanjing University, Nanjing 210008, China., The Comprehensive Cancer Centre, Nanjing Drum Tower Hospital, Affiliated Hospital of Medical School, Nanjing University, Nanjing 210008, China.",N/A
39780954,Special issue: frontiers in recent advances on cancer diagnosis and treatment.,2024,N/A,N/A,N/A
39780941,The Effect of Prolonged Antenatal Intravenous Immunoglobulin Treatment in Preventing Gestational Alloimmune Liver Disease-A Case Series with Literature Review.,2025,"Lin, Afridi, Presenza, Kushnir, Ahmed","Cooper Medical School of Rowan University, Camden, New Jersey., Department of Pediatric Hematology-Oncology, MD Anderson Children's Cancer Hospital, Houston, Texas., Department of Diagnostic Imaging, Cooper Medical School of Rowan University, Camden, New Jersey., Department of Neonatal-Perinatal Medicine, Cooper Medical School of Rowan University, Camden, New Jersey., Department of Pediatric Hematology-Oncology, Cooper Medical School of Rowan University, Camden, New Jersey.",N/A
39780934,A case of peribronchiolar metaplasia of the lung appearing as a solid nodule on computed tomography.,2024,N/A,N/A,N/A
39780926,Adolescent thoracic scoliosis due to giant ganglioneuroma: a two-case report and literature review.,2024,N/A,N/A,N/A
39780923,Risk-adapted stereotactic body radiation therapy delivered in four fractions in patients with non-small cell lung cancer.,2024,"Hasegawa, Ishii, Inokuchi, Shibuya","Department of Medical Oncology, Izumi City General Hospital, Izumi, Japan., Department of Radiation Oncology, Tane General Hospital, Osaka, Japan., Department of Radiation Oncology, Osaka Metropolitan University Graduate School of Medicine, Osaka, Japan., Department of Radiation Oncology, Osaka Metropolitan University Graduate School of Medicine, Osaka, Japan.",N/A
39780920,An appendiceal mucocele associated with inverted epithelium and submucosal hyperplasia at the appendiceal root: a rare case report.,2024,N/A,N/A,N/A
39780816,Clinicopathologic and genomic features associated with brain metastasis after resection of lung adenocarcinoma.,2024,N/A,N/A,N/A
39780771,Unveiling structural components of dibenzofuran-based MMP-12 inhibitors: a comparative classification-dependent analysis with molecular docking-based virtual screening and molecular dynamics simulation.,2025,"Tamang, Banerjee, Ghosh, Baidya, Jha, Adhikari","Natural Science Laboratory, Division of Medicinal and Pharmaceutical Chemistry, Department of Pharmaceutical Technology, Jadavpur University, Kolkata, India., Natural Science Laboratory, Division of Medicinal and Pharmaceutical Chemistry, Department of Pharmaceutical Technology, Jadavpur University, Kolkata, India., Epigenetic Research Laboratory, Department of Pharmacy, Birla Institute of Technology and Science-Pilani, Hyderabad Campus, Shamirpet, Hyderabad, 500078 India., Natural Science Laboratory, Division of Medicinal and Pharmaceutical Chemistry, Department of Pharmaceutical Technology, Jadavpur University, Kolkata, India., Natural Science Laboratory, Division of Medicinal and Pharmaceutical Chemistry, Department of Pharmaceutical Technology, Jadavpur University, Kolkata, India., Natural Science Laboratory, Division of Medicinal and Pharmaceutical Chemistry, Department of Pharmaceutical Technology, Jadavpur University, Kolkata, India.",N/A
39780760,"""Applications of Machine Learning in Liposomal Formulation and Development"".",2025,"Matalqah, Lafi","Pharmacological and Diagnostic Research Center, Faculty of Pharmacy, Al-Ahliyya Amman University, Amman, 19328, Jordan., Pharmacological and Diagnostic Research Center, Faculty of Pharmacy, Al-Ahliyya Amman University, Amman, 19328, Jordan.",N/A
39780756,Cardiovascular toxicity induced by TKIs in patients with chronic myeloid leukaemia: Are women and men different?,2025,"Madaudo, Di Lisi, Cannatà, Manfrè, Vullo, Santoro, Botta, Mancuso, Siragusa, Galassi, Novo","Cardiology Unit, University Hospital 'Paolo Giaccone', Palermo Italy and Department of Health Promotion, Mother and Child Care, Internal Medicine and Medical Specialties (ProMISE) University of Palermo, Palermo, Italy., Cardiology Unit, University Hospital 'Paolo Giaccone', Palermo Italy and Department of Health Promotion, Mother and Child Care, Internal Medicine and Medical Specialties (ProMISE) University of Palermo, Palermo, Italy., British Heart Foundation Centre of Research Excellence, School of Cardiovascular Medicine, Faculty of Life Science, King's College London, London, UK., Cardiology Unit, University Hospital 'Paolo Giaccone', Palermo Italy and Department of Health Promotion, Mother and Child Care, Internal Medicine and Medical Specialties (ProMISE) University of Palermo, Palermo, Italy., Cardiology Unit, University Hospital 'Paolo Giaccone', Palermo Italy and Department of Health Promotion, Mother and Child Care, Internal Medicine and Medical Specialties (ProMISE) University of Palermo, Palermo, Italy., Hematology Unit, University Hospital 'Paolo Giaccone', Palermo, Italy., Hematology Unit, University Hospital 'Paolo Giaccone', Palermo, Italy., Hematology Unit, University Hospital 'Paolo Giaccone', Palermo, Italy., Hematology Unit, University Hospital 'Paolo Giaccone', Palermo, Italy., Cardiology Unit, University Hospital 'Paolo Giaccone', Palermo Italy and Department of Health Promotion, Mother and Child Care, Internal Medicine and Medical Specialties (ProMISE) University of Palermo, Palermo, Italy., Cardiology Unit, University Hospital 'Paolo Giaccone', Palermo Italy and Department of Health Promotion, Mother and Child Care, Internal Medicine and Medical Specialties (ProMISE) University of Palermo, Palermo, Italy.",N/A
39780749,On-treatment dynamics of circulating extracellular vesicles in the first-line setting of patients with advanced non-small cell lung cancer: the LEXOVE prospective study.,2025,"Taverna, Manno, Raccosta, Pepe, Pisapia, Troncone, Malapelle, Santini","Institute of Translational Pharmacology (IFT), National Research Council (CNR) of Italy, Palermo, Italy., Institute of Biophysics (IBF), National Research Council (CNR) of Italy, Palermo, Italy., Institute of Biophysics (IBF), National Research Council (CNR) of Italy, Palermo, Italy., Department of Public Health, University of Naples Federico II, Italy., Department of Public Health, University of Naples Federico II, Italy., Department of Public Health, University of Naples Federico II, Italy., Department of Public Health, University of Naples Federico II, Italy., Medical Oncology A, Policlinico Umberto 1, La Sapienza Università Di Roma, Italy.",N/A
